Nama Toko;Merek;Model/Spesifikasi;Harga;
Dua Putri Komputer;HP;14S-DQ3110TU | PROC:CEL N4500 | SSD:256GB | RAM:4GB | LAYAR:14 INCH | OS:WIN 11+OHS;Rp 4.800.000;
Dua Putri Komputer;HP;14S-DQ3109TU | PROC:CEL N4500 | SSD:256GB | RAM:8GB | LAYAR:14 INCH | OS:WIN 11+OHS;Rp 5.050.000;
Dua Putri Komputer;HP;240-G8 | PROC:CORE i3-1115G | SSD:256GB | RAM:8GB | LAYAR:14 INCH | OS:WIN 11+OHS;Rp 6.200.000;
Dua Putri Komputer;HP;14S-FQ1009AU | PROC:RYZEN 3-5300U | SSD:512GB | RAM:8GB | LAYAR:14 INCH | OS:WIN 11+OHS;Rp 6.750.000;
Dua Putri Komputer;LENOVO;IP1 14IGL7 | PROC:CEL N4020 | SSD:256GB | RAM:8GB | LAYAR:14 INCH | OS:WIN 11;Rp 4.300.000;
Dua Putri Komputer;LENOVO;IP1 14IAU7 | PROC:CORE i3-1215U | SSD:512GB | RAM:8GB | LAYAR:14 INCH | OS:WIN 11;Rp 6.800.000;
Dua Putri Komputer;LENOVO;V14-G2 | PROC:RYZEN 3-5300U | SSD:256GB | RAM:8GB | LAYAR:14 INCH | OS:WIN 11;Rp 6.000.000;
Dua Putri Komputer;ACER;AL 14-31P | PROC:CEL N100 | SSD:256GB | RAM:8GB | LAYAR:14 INCH | OS:WIN 11+OHS;Rp 5.300.000;
Dua Putri Komputer;ACER;TMP 214-41 | PROC:RYZEN3PRO-5450U | SSD:256GB | RAM:4GB | LAYAR:14 INCH | OS:WIN 11;Rp 6.000.000;
Dua Putri Komputer;ACER;AL 14-51M | PROC:CORE i3-1215U | SSD:256GB | RAM:8GB | LAYAR:14 INCH | OS:WIN 11+OHS;Rp 6.600.000;
Dua Putri Komputer;ASUS;A416MAO | PROC:CEL N4020 | SSD:256GB | RAM:4GB | LAYAR:14 INCH | OS:WIN 11+OHS;Rp 4.650.000;
Dua Putri Komputer;ASUS;14FLIP TP1400K | PROC:CEL N4500 | SSD:256GB | RAM:8GB | LAYAR:TC,14 INCH | OS:WIN 11+OHS;Rp 7.000.000;
Dua Putri Komputer;ASUS;A416MAO | PROC:CEL N4020 | SSD:256GB | RAM:8GB | LAYAR:14 INCH | OS:WIN 11+OHS;Rp 4.950.000;
Dua Putri Komputer;ASUS;A1410EA | PROC:CORE i3-1115G4 | SSD:256GB | RAM:8GB | LAYAR:14 INCH | OS:WIN 11+OHS;Rp 6.400.000;
Dua Putri Komputer;ASUS;E210MAO | PROC:CELERON N4020 | SSD:512GB | RAM:8GB | LAYAR:11.6 INCH | OS:WIN 11+OHS;Rp 4.650.000;
Dua Putri Komputer;ADVAN;SG14S01 | PROC:CEL N4020 | SSD:128GB | RAM:4GB | LAYAR:14 INCH | OS:WIN 11;Rp 2.700.000;
Dua Putri Komputer;ADVAN;WORKPLUS | PROC:RYZEN 5-6600H | SSD:512GB | RAM:16GB | LAYAR:14 INCH | OS:WIN 11;Rp 7.600.000;
Dua Putri Komputer;ADVAN;WORKPRO | PROC:CORE i5-1035G7 | SSD:256GB | RAM:8GB | LAYAR:14 INCH | OS:WIN 11;Rp 5.460.000;
Israf Komputer Kendari;ASUS;E410K - INTEL CELERON N4500 / RAM 4GB SSD 256GB / BACKLITE / WIN11 OHS;Rp 5.400.000;
Israf Komputer Kendari;ASUS;A416MAO - FHD426 CELERON N4020 / RAM 8GB DDR4 / SSD 256 / WIN11 OHS / FHD 14';Rp 5.300.000;
Israf Komputer Kendari;ASUS;A1400KA - FHD427 CELERON N4020 / RAM 8GB DDR4 / SSD 512 / WIN11 OHS / FHD 14';Rp 6.200.000;
Israf Komputer Kendari;ASUS;E1404FA - AMD RYZEN 3 7320U / RAM 8GB DDR4 / SSD 256GB / WIN11 OHS / FHD 14';Rp 7.000.000;
Israf Komputer Kendari;ASUS;E1404FA - AMD RYZEN 3 7320U / RAM 8GB DDR4 / SSD 512 / WIN11 OHS / FHD 14';Rp 7.400.000;
Israf Komputer Kendari;ASUS;E1404GA - IPS322 CORE i3 1215U / RAM 8GB DDR4 / SSD 256 / WIN11 OHS / FHD 14';Rp 7.500.000;
Israf Komputer Kendari;ASUS;E1404GA - CORE i3 1215U / RAM 8GB DDR4 / SSD 512 / WIN11 OHS / FHD 14';Rp 7.850.000;
Israf Komputer Kendari;ASUS;A1404ZA - VIPS552 CORE i5 1215U / RAM 8GB DDR4 / SSD 512 / WIN11 OHS / FHD 14';Rp 10.200.000;
Israf Komputer Kendari;ASUS;GO E1404FA - FHD555 RYZEN 5 7320U / RAM 8GB DDR4 / SSD 512 / WIN11 OHS / FHD 14';Rp 8.800.000;
Israf Komputer Kendari;ASUS;TP1400K INTEL CELERON N4500 / RAM 8GB SSD 512GB / TOUCHSCREEN / FLIP 360 / FHD 14'' / WIN 11;Rp 8.000.000;
Israf Komputer Kendari;ASUS;E1504FA-OLED 353-AMD RYZEN 3 / RAM 8GB SSD 512GB / 15' INCH / WIN 11 OHS / OLED;Rp 8.500.000;
Israf Komputer Kendari;ASUS;TUF A15 FA506NC-R535B6T-O / RYZEN 5 7535HS / RAM 8GB SSD 512GB / RTX 2050 4GB /WIN 11 OHS;Rp 12.500.000;
Israf Komputer Kendari;ASUS;TUF A15 FA506NC-R535B6T-O / RYZEN 5 7535HS / RAM 16GB SSD 512GB / RTX 3050 4GB / WIN 11 OHS;Rp 13.500.000;
Israf Komputer Kendari;ASUS;TUF F15 FX517ZC CORE i5 12450H / RAM 8GB / SSD 512GB / RTX 3050 4GB / WIN 11 OHS / FHD 15';Rp 14.000.000;
Israf Komputer Kendari;ACER;ASPIRE LITE AL14-31P-C0G4 CELERON N100 / RAM 8 DDR4 / SSD 256 / WIN11 OHS / FHD 14';Rp 5.700.000;
Israf Komputer Kendari;ACER;ASPIRE LITE AL14-31P-C0G4 CELERON N100 / RAM 8 DDR4 / SSD 512 / WIN11 OHS / FHD 14';Rp 5.950.000;
Israf Komputer Kendari;ACER;ASPIRE 3 A314-36M-37EE CORE i3 N305 / RAM 8 DDR4 / SSD 512 / WIN11 OHS / FHD 14';Rp 7.500.000;
Israf Komputer Kendari;ACER;ASPIRE 3 A314-23M-R897 AMD RYZEN 5 7520 RAM 8GB SSD 512GB;Rp 8.700.000;
Israf Komputer Kendari;ACER;ASPIRE 5 A514-56P-57Q8 CORE i5 1335 / INTEL IRISXe / RAM 8GB SSD 512GB / WIN 11 / 14'';Rp 9.700.000;
Israf Komputer Kendari;ACER;ASPIRE ONE INTEL CORE i5 1035G4 RAM 8GB SSD 512GB / WIN 11 / FHD;Rp 8.000.000;
Israf Komputer Kendari;ACER;ASPIRE LITE AL14 INTEL CORE i5 / RAM 8GB SSD 512GB / 14'' INCH / WIN 11 OHS;Rp 10.000.000;
Israf Komputer Kendari;ACER;NITRO V15 515 42G CORE i5 13420H / RAM 8GB SSD 512GB / RTX 2050 4GB;Rp 12.300.000;
Israf Komputer Kendari;ACER;NITRO V 15 INTEL CORE i9 GEN 13 / RAM 16GB SSD 512GB / RTX 4060 8GB / GARANSI RESMI ON;Rp 17.800.000;
Israf Komputer Kendari;LENOVO;IDEAPAD SLIM 1 14IGL7-6YID CELERON N4020 / RAM 8 DDR4 / SSD 256 / WIN11 OHS / FHD 14';Rp 5.200.000;
Israf Komputer Kendari;LENOVO;IDEAPAD SLIM 1 14IGL7-6YID CELERON N4020 / RAM 8 DDR4 / SSD 512 / WIN11 OHS / FHD 14';Rp 5.900.000;
Israf Komputer Kendari;LENOVO;V14 G3 IAP-CBID CORE i3 1215GU / RAM 4 DDR4 / SSD 256 / WIN11 OHS / FHD 14';Rp 5.800.000;
Israf Komputer Kendari;LENOVO;V14 G3 IAP-CBID CORE i3 1215GU / RAM 8 DDR4 / SSD 256 / WIN11 OHS / FHD 14';Rp 6.800.000;
Israf Komputer Kendari;LENOVO;IDEAPAD SLIM 3 INTEL CORE i3 1215GU / RAM 8 DDR4 / SSD 512 / WIN11 OHS / FHD 14';Rp 7.300.000;
Israf Komputer Kendari;LENOVO;V14-AMD-MUID AMD RYZEN 3 7320U / RAM 8 DDR4 / SSD 256 / WIN11 OHS / FHD 14';Rp 6.500.000;
Israf Komputer Kendari;LENOVO;IDEAPAD SLIM 1-AMD-MUID AMD RYZEN 3 7320U / RAM 8 DDR4 / SSD 512 / WIN11 OHS / FHD 14';Rp 6.700.000;
Israf Komputer Kendari;LENOVO;V14-G4 AMN-PDID ATHLON SILVER RAM 8 DDR4 / SSD 256 / WIN11 OHS / FHD 14';Rp 5.500.000;
Israf Komputer Kendari;LENOVO;IDEAPAD SLIM 3 AMD RYZEN 5 7535U / RAM 8GB / SSD 512GB / WIN 11 + OHS / HD 14';Rp 8.900.000;
Israf Komputer Kendari;LENOVO;IDEAPAD SLIM 3 CORE 5 12350H / RAM 8GB SSD 512GB / WIN 11 OHS / FHD 14'';Rp 9.700.000;
Israf Komputer Kendari;LENOVO;LOQ 15IRX9 CORE i5 RAM 12GB / SSD 512GB / RTX 3050 4GB / WIN 11 OHS / FHD 15';Rp 14.000.000;
Israf Komputer Kendari;LENOVO;LOQ 15IRX9 CORE i7 RAM 8GB / SSD 512GB / RTX 3050 4GB / WIN 11 OHS / FHD 15';Rp 17.000.000;
Israf Komputer Kendari;HP;14S-DQ5118TU CORE i5 / RAM 8 DDR4 / SSD 512 / IRIS XE / WIN 11 / FHD 14';Rp 9.500.000;
Israf Komputer Kendari;HP;14S-FQ1011AU AMD RYZEN 3 / RAM 8GB SSD 512GB / WIN 11 OHS / FHD 14'';Rp 7.200.000;
Israf Komputer Kendari;HP;14S-FQ1135AU AMD RYZEN 5 5500 / RAM 8GB SSD 512GB / WIN 11OHS / FHD 14';Rp 8.800.000;
Israf Komputer Kendari;HP;14S-DQ5115TU CORE I3 1215 RAM 8GB SSD 512GB / WIN 11 OHS / OFFICE 2021 / FHD 14'';Rp 7.500.000;
Israf Komputer Kendari;HP;14S-DQ3111TU CELERON N4500 / RAM 8GB SSD 512GB / WIN 11 OHS / FHD 14'';Rp 5.850.000;
Israf Komputer Kendari;HP;14S-DQ3111TU CELERON N4500 / RAM 8GB SSD 256GB / WIN 11 OHS / FHD 14'';Rp 5.500.000;
Israf Komputer Kendari;HP;VICTUS 15-fb1888AX AMD RYZEN 5 / RAM 8GB SSD 512GB / RTX 2050 4GB;Rp 12.500.000;
Israf Komputer Kendari;MSI;THIN GF63-12UCX CORE i5 / RAM 8GB / SSD 512GB / RTX 2050 4GB / WIN 11 OHS / FHD 15';Rp 11.000.000;
Israf Komputer Kendari;MSI;MODERN 14 C12MO / CORE i5 1235U / RAM 8GB / SSD 512GB / IRISXE GRAPHICS / WIN 11 OHS / FHD;Rp 9.200.000;
Israf Komputer Kendari;MSI;THIN 15 B12UCX / INTEL CORE i5 11400H / RAM 8GB SSD 512GB / RTX 3050 4GB / WIN 11 OHS;Rp 11.450.000;
Israf Komputer Kendari;MSI;THIN 15 B12UCX / INTEL CORE i7 12650H / RAM 8GB SSD 512GB / RTX 2050 4GB / WIN 11 OHS;Rp 12.700.000;
Israf Komputer Kendari;AXIOO;SLIMBOOK HYPE 10 / CELERON N4020 / RAM 8GB SSD 256GB / WIN 10 / UHD 14'';Rp 3.500.000;
Israf Komputer Kendari;AXIOO;SLIMBOOK HYPE 3 / CORE i3 GEN 10 / RAM 8GB SSD 256GB / WIN 10 / UHD 14'';Rp 5.200.000;
Israf Komputer Kendari;AXIOO;SLIMBOOK HYPE 5 / AMD RYZEN 5 3500U / RAM 8GB SSD 256GB / WIN 10 / UHD 14'';Rp 5.250.000;
Israf Komputer Kendari;AXIOO;SLIMBOOK HYPE 5 / AMD RYZEN 5 5500U / RAM 8GB SSD 256GB / WIN 10 / UHD 14'';Rp 6.200.000;
Israf Komputer Kendari;AXIOO;SLIMBOOK HYPE 5 / CORE i5 GEN 10 / RAM 8GB SSD 512GB / WIN 10 / UHD 14'';Rp 6.200.000;
Israf Komputer Kendari;AXIOO;HYPE 7 AMD RYZEN 7 5700 / RAM 16GB SSD 512GB / WIN 11 / FHD 14'';Rp 8.000.000;
Israf Komputer Kendari;AXIOO;"MYBOOK PRO K7,2 INTEL CORE i7 / RAM 16GB SSD 1TB / FHD 14'' / INTEL IRISXe / TKDN / WIN 11""";Rp 16.000.000;
Israf Komputer Kendari;ADVAN;SOULMATE INTEL CELERON N4020 / RAM 8GB SSD 128GB / WIN 11 / HD 14' INCH;Rp 3.200.000;
Israf Komputer Kendari;ADVAN;SOULMATE AMD RYZEN 5 3500 / RAM 8GB SSD 256GB / WIN 11 / 14' INCH;Rp 5.700.000;
;;;;
